"YEAR","WEEK","CASES_NEW","CASES_MAT","CASES_ENC","CASES_WNC","CASES_SAT","CASES_ESC","CASES_WSC","CASES_MTN","CASES_PAC","timeIndex"
2004,1,3086,2330,3083,1966,3149,3831,2515,1016,3375,365
2004,2,1851,1735,2333,1275,2464,2409,2221,951,2054,366
2004,3,1420,1328,2195,1342,2385,2130,1895,1195,1933,367
2004,4,835,1189,1935,1044,2102,3103,1777,1002,1528,368
2004,5,647,1056,1882,863,1598,3304,1240,1098,1530,369
2004,6,558,1288,1639,887,1388,3238,1284,924,1417,370
2004,7,533,1256,1405,819,1622,2931,1019,990,1155,371
2004,8,424,959,1347,719,1398,2063,717,678,1018,372
2004,9,341,838,1261,708,1288,2323,1008,713,865,373
2004,10,373,1009,1356,814,1641,2064,610,623,1102,374
2004,11,355,1018,1254,474,1363,2394,647,677,1195,375
2004,12,336,907,1338,578,1032,2541,415,616,744,376
2004,13,320,1105,928,309,870,2314,348,511,694,377
2004,14,189,900,1015,371,776,2421,376,607,637,378
2004,15,215,763,1110,400,1008,2156,341,586,694,379
2004,16,241,814,1000,224,881,2339,387,499,580,380
2004,17,164,771,830,313,709,2165,448,378,455,381
2004,18,156,695,973,601,768,2299,714,460,410,382
2004,19,221,714,932,424,847,2408,400,544,460,383
2004,20,265,946,1048,405,843,2279,597,510,452,384
2004,21,121,714,1177,754,1088,1927,314,278,565,385
2004,22,126,685,1344,834,626,2397,566,416,1236,386
2004,23,105,762,1049,1555,517,1672,777,193,1179,387
2004,24,71,559,1144,487,581,1551,631,273,977,388
2004,25,97,442,1083,806,928,1597,428,233,522,389
2004,26,77,153,1060,772,423,1627,392,203,422,390
2004,27,81,356,1135,616,443,1643,1564,759,661,391
2004,28,75,592,997,658,860,1687,833,738,460,392
2004,29,38,494,915,569,218,1856,1332,768,369,393
2004,30,54,549,993,742,338,2173,1203,731,255,394
2004,31,82,390,401,872,751,1861,657,643,542,395
2004,32,118,544,983,835,989,1910,569,757,168,396
2004,33,236,363,947,792,460,2252,1556,647,190,397
2004,34,121,352,1297,687,452,2352,1162,940,533,398
2004,35,120,373,1064,638,1069,2470,1102,1005,596,399
2004,36,169,533,1119,1032,532,2689,1024,408,606,400
2004,37,153,580,1120,1028,1048,2520,1119,410,1162,401
2004,38,136,760,1161,1030,752,2658,1305,461,653,402
2004,39,172,550,1101,1110,1222,2751,526,454,1051,403
2004,40,345,1347,1056,765,793,1791,1250,505,844,404
2004,41,496,1267,1130,792,1092,2210,1067,598,732,405
2004,42,408,1189,1086,851,1102,2301,1858,570,889,406
2004,43,438,1424,1256,787,1351,1865,1115,707,1611,407
2004,44,507,1433,1363,897,1309,1961,1341,900,1434,408
2004,45,746,1413,1394,986,1256,2444,1390,1016,1571,409
2004,46,520,1757,1401,946,1066,2665,1431,970,1670,410
2004,47,669,1798,1743,1148,1662,2932,1680,1163,2139,411
2004,48,822,1620,1397,879,1605,2557,2131,781,1657,412
2004,49,951,2120,1469,962,1588,2604,1675,806,1907,413
2004,50,1031,2439,1449,1165,1790,3060,1652,952,2099,414
2004,51,1954,3826,1871,1763,2048,3590,2690,1331,2750,415
2004,52,2838,3661,2522,1703,2493,3819,2173,1632,4014,416
2005,1,2567,3281,2333,2057,1843,2774,2213,1407,2893,417
2005,2,2246,3247,2382,2463,1602,2567,2437,1552,3768,418
2005,3,2358,3094,2957,3289,1905,3249,3155,1588,3956,419
2005,4,2250,3372,3674,3784,2783,4008,4410,1821,4252,420
2005,5,2252,3667,4981,4815,3736,5966,8441,2102,4651,421
2005,6,2457,4034,5709,5333,4471,7203,8262,2477,4945,422
2005,7,1935,3948,5892,4695,5030,7943,8288,2717,5069,423
2005,8,1628,3772,5228,3547,3914,7975,6717,2517,4630,424
2005,9,1373,3094,4341,2943,3319,7409,4591,2047,3546,425
2005,10,1194,2992,3645,2284,3372,6846,4154,1907,3346,426
2005,11,1107,2579,3140,2215,3084,4911,3295,1675,2787,427
2005,12,833,2554,2586,1976,2530,4914,2242,1603,2904,428
2005,13,883,1865,2215,1542,1961,3526,2014,1229,2725,429
2005,14,707,1327,1500,1275,1486,2915,1655,1178,2431,430
2005,15,522,1186,1398,1068,1455,2893,1600,1035,2879,431
2005,16,486,1109,1291,952,1539,2644,1859,837,1509,432
2005,17,470,1011,1029,874,1290,3088,1646,857,1995,433
2005,18,442,962,971,908,1249,3023,1322,605,1999,434
2005,19,188,1034,1059,861,1349,3012,1643,741,2061,435
2005,20,193,863,950,1011,1178,3031,1297,553,2426,436
2005,21,265,501,1051,951,1198,2867,1690,530,2215,437
2005,22,164,698,1337,1362,1265,3772,1898,769,1914,438
2005,23,232,789,763,1290,1329,2784,1657,577,1977,439
2005,24,180,563,1037,1116,1218,2698,1405,550,2119,440
2005,25,190,574,1105,820,1057,2897,1233,567,1609,441
2005,26,181,533,1012,242,1157,2615,1176,395,1621,442
2005,27,177,264,1155,252,1031,2952,969,410,1367,443
2005,28,243,456,892,292,972,2289,1147,326,1158,444
2005,29,183,452,998,434,824,2413,996,212,1518,445
2005,30,166,402,928,228,663,2813,1136,145,1417,446
2005,31,138,472,843,507,1022,2563,970,131,1473,447
2005,32,163,414,941,235,1007,2746,847,183,820,448
2005,33,222,329,895,192,557,2537,733,159,1410,449
2005,34,193,97,844,308,873,1845,1471,213,1043,450
2005,35,120,336,831,321,887,2044,2642,212,1175,451
2005,36,213,562,996,236,1104,2231,1734,256,1687,452
2005,37,171,435,883,144,1260,1506,2055,179,1179,453
2005,38,227,657,901,469,1215,1689,2098,255,1445,454
2005,39,280,671,766,301,1287,2345,1721,304,1347,455
2005,40,651,1408,904,965,914,1545,874,1167,1731,456
2005,41,599,1440,1136,746,1003,2066,1105,691,1510,457
2005,42,731,1203,1258,721,886,2541,1176,862,1549,458
2005,43,716,1294,1222,933,888,2428,1248,824,1489,459
2005,44,681,1651,1373,872,866,2863,1429,916,2234,460
2005,45,912,1628,1292,770,1041,2699,1810,1261,1651,461
2005,46,886,1473,1333,857,1030,2748,2010,1166,2445,462
2005,47,1069,1748,1736,1095,1159,3585,2092,1012,3077,463
2005,48,835,1995,1533,1066,949,2981,2038,1142,2714,464
2005,49,951,1828,1371,942,1152,4082,2333,1375,3587,465
2005,50,938,1921,1492,892,1286,3345,3352,2075,5086,466
2005,51,878,2221,1812,1356,1397,3975,5261,2813,7230,467
2005,52,1354,2981,2512,1545,1683,6198,6189,3335,5132,468
2006,1,988,2387,2428,1404,1753,4114,5115,2425,3201,469
2006,2,976,2281,2089,1320,1398,4130,4510,1594,1989,470
2006,3,951,2500,2070,1527,1516,3691,5802,1495,2019,471
2006,4,1152,2403,2246,1904,1833,4048,5018,1391,2455,472
2006,5,1358,2333,2429,2000,2221,3809,4901,1547,2299,473
2006,6,1560,2671,2839,2086,2646,4716,4330,1353,1820,474
2006,7,1818,2598,3065,2157,3414,4450,5562,1382,2311,475
2006,8,1918,2623,3421,2468,3618,4687,5477,1660,1782,476
2006,9,2013,2445,3339,2385,3069,5533,5737,1621,1493,477
2006,10,2043,3038,3437,2670,2579,4876,4690,1571,2322,478
2006,11,1887,2667,2859,2578,2573,3696,3508,1485,2511,479
2006,12,1731,2622,2423,2921,1687,3208,3528,1341,2954,480
2006,13,1558,2160,2335,2451,1966,2275,3372,1151,2596,481
2006,14,1487,1206,1791,1281,1371,3321,3875,1010,2386,482
2006,15,1498,1562,1372,1001,941,2280,2788,940,1791,483
2006,16,1161,1275,1256,578,842,3030,2753,684,1336,484
2006,17,817,1031,1063,578,743,3323,2315,712,1247,485
2006,18,735,823,1025,565,812,3304,1787,637,1190,486
2006,19,600,876,991,583,873,3148,2059,550,948,487
2006,20,257,818,1041,510,744,4353,2333,529,951,488
2006,21,255,828,977,457,746,3877,1719,493,932,489
2006,22,283,803,821,734,906,3362,2648,356,556,490
2006,23,186,413,877,596,747,2985,2220,994,1045,491
2006,24,230,545,891,543,733,2521,1524,685,941,492
2006,25,184,497,767,676,663,2368,1472,558,815,493
2006,26,220,284,810,662,614,2653,1555,635,1106,494
2006,27,265,513,806,755,670,2367,1761,623,1123,495
2006,28,191,429,787,552,734,2397,1456,1150,1082,496
2006,29,155,197,745,586,640,2546,1251,1390,771,497
2006,30,167,202,622,579,553,2833,1296,1185,768,498
2006,31,138,248,827,512,525,2482,1396,1417,638,499
2006,32,201,270,579,664,378,1796,1580,1297,807,500
2006,33,119,179,791,641,503,1492,1821,1487,496,501
2006,34,151,182,806,611,420,2280,1569,911,570,502
2006,35,241,193,829,710,455,2361,2148,820,366,503
2006,36,150,186,1068,869,767,2638,2203,1186,883,504
2006,37,220,261,937,651,554,2620,1734,1133,1073,505
2006,38,121,280,998,664,605,2728,1949,1346,1159,506
2006,39,246,287,867,953,486,2368,2162,1019,1286,507
2006,40,507,1236,1391,596,757,1882,1381,1604,1404,508
2006,41,464,1100,1382,602,824,1767,1753,714,1458,509
2006,42,591,1419,1411,680,850,1745,2184,631,1423,510
2006,43,632,1182,1420,696,930,1760,2228,647,1268,511
2006,44,724,1211,1363,712,1020,1912,2610,731,1506,512
2006,45,589,1133,1478,800,1102,2302,3291,883,1476,513
2006,46,719,1387,1702,851,1141,2971,3698,719,1308,514
2006,47,1019,2128,1689,944,1406,3607,4121,1126,1582,515
2006,48,697,1874,1686,1156,1540,2954,3682,928,1373,516
2006,49,889,1900,1832,1174,1671,3940,3750,1002,1612,517
2006,50,1047,2156,2064,1316,2534,5758,5162,1132,1664,518
2006,51,1029,2810,2588,1921,3056,5507,5292,1400,2421,519
2006,52,1655,3009,3618,1738,2805,5771,6583,2129,2244,520
2007,1,1450,2398,2717,2058,1833,3080,4307,1290,2597,521
2007,2,1090,1725,2167,1574,1535,2726,3837,977,2759,522
2007,3,1438,1826,2286,1699,1537,2780,4789,1221,2846,523
2007,4,1009,2381,2709,2037,1716,3707,5939,1374,3457,524
2007,5,1324,2191,3380,2979,1950,3409,5966,1944,3916,525
2007,6,1664,2251,3497,2726,2597,4197,7341,1863,4344,526
2007,7,1834,2412,3651,2988,2797,4081,7857,2035,3861,527
2007,8,1827,2245,3412,2871,2863,4267,7668,1909,3175,528
2007,9,1823,1839,3086,2170,2461,3361,6575,1707,2936,529
2007,10,1648,1935,3096,1595,2511,2654,5420,1616,2797,530
2007,11,1715,2326,3177,1680,2188,2390,4796,1768,2287,531
2007,12,1421,1842,3111,1242,1629,2249,3164,1388,1976,532
2007,13,1343,1800,1957,1014,1414,1391,3015,1117,1916,533
2007,14,1263,1668,1516,834,981,1744,2998,970,1080,534
2007,15,1156,1298,1427,893,1111,1545,3395,742,1693,535
2007,16,1012,890,1316,860,891,1923,2485,747,1219,536
2007,17,767,852,1299,650,749,1653,2573,629,1173,537
2007,18,603,730,1158,605,699,1701,2215,549,1212,538
2007,19,498,745,1041,846,747,1401,2276,531,1216,539
2007,20,207,822,1048,688,631,1147,2174,406,1128,540
2007,21,200,1037,1070,457,583,1279,2031,457,1030,541
2007,22,311,955,1031,715,677,1359,2061,477,1142,542
2007,23,191,718,813,595,506,1070,1725,417,992,543
2007,24,287,709,757,543,519,967,1698,415,1055,544
2007,25,334,696,760,561,497,518,1520,410,982,545
2007,26,334,455,714,605,476,620,1888,366,974,546
2007,27,313,569,703,528,465,1174,1357,444,535,547
2007,28,315,360,474,675,463,1058,1031,403,299,548
2007,29,262,389,652,669,385,641,1539,314,554,549
2007,30,176,473,667,570,469,888,1663,386,482,550
2007,31,182,360,449,573,351,836,1477,359,414,551
2007,32,188,319,702,704,318,1056,1440,361,580,552
2007,33,227,415,668,669,459,1020,1469,274,711,553
2007,34,252,464,715,528,332,1129,1703,341,1329,554
2007,35,243,339,768,729,489,1007,1639,434,1037,555
2007,36,224,320,1086,729,712,1427,1414,564,1285,556
2007,37,222,362,970,718,613,716,2061,486,1282,557
2007,38,298,357,1121,734,647,552,2627,494,1246,558
2007,39,397,537,1075,706,634,286,2258,550,1576,559
2007,40,647,1085,1172,663,764,2371,2407,631,890,560
2007,41,738,1159,1224,553,799,2882,3072,942,1224,561
2007,42,660,1328,1136,782,810,2559,3182,868,1422,562
2007,43,837,1359,1375,849,975,2387,3422,923,1291,563
2007,44,852,1520,1302,930,1062,2602,3772,927,1391,564
2007,45,806,1704,1403,851,1164,2677,4007,952,1460,565
2007,46,741,1719,1562,1018,1349,3621,3791,983,1268,566
2007,47,1123,1929,1710,965,1571,4455,4438,1232,1739,567
2007,48,902,1889,1437,912,1261,3246,4117,972,1346,568
2007,49,1008,1898,1548,912,1238,3871,3322,956,1561,569
2007,50,864,2036,1594,1335,1313,3171,2952,1208,1796,570
2007,51,885,2081,2074,1187,1757,3279,3095,1324,2327,571
2007,52,1332,2452,2652,1990,2000,4701,3915,1909,3242,572
2008,1,1335,2305,2674,1499,1625,4805,4228,1553,3052,573
2008,2,1126,2058,2317,1222,1411,2907,5330,1612,2966,574
2008,3,987,2194,2821,1840,1864,3270,5120,1644,3466,575
2008,4,1217,2731,3973,2398,2360,5655,7946,2604,4767,576
2008,5,1852,3412,5065,3663,3624,7734,10633,2932,4915,577
2008,6,3055,3963,6009,4398,4809,11364,10367,3267,5624,578
2008,7,3670,4142,6314,5164,4885,9105,9907,3715,6265,579
2008,8,3769,4068,6317,5419,5166,8480,8314,3889,4615,580
2008,9,3341,3414,5410,5398,4057,6569,6773,2758,3363,581
2008,10,3081,3131,4870,4509,3041,5791,6434,2264,2874,582
2008,11,2456,3027,4350,3293,2335,4286,5117,2053,2610,583
2008,12,2186,2634,3762,2386,1762,4267,4826,1659,1927,584
2008,13,1566,2098,2880,2018,1353,3432,3366,1556,1625,585
2008,14,1322,1875,2210,1488,1120,3327,3543,1104,1285,586
2008,15,1036,1578,1739,1022,996,2509,2527,925,773,587
2008,16,822,1373,1454,1250,835,2469,2452,769,946,588
2008,17,705,1144,1259,953,734,2377,1562,710,1095,589
2008,18,559,1016,1142,923,684,2188,1337,744,872,590
2008,19,346,1042,953,829,647,2114,1679,555,706,591
2008,20,260,1085,979,622,695,2212,1381,742,770,592
2008,21,195,1152,995,846,679,2954,1449,528,796,593
2008,22,200,1290,1363,926,803,2568,2071,390,760,594
2008,23,286,1139,989,833,592,1684,1292,439,641,595
2008,24,197,1039,775,737,629,1436,1809,485,1062,596
2008,25,207,1065,889,777,561,1767,1543,500,1043,597
2008,26,190,986,740,802,570,1789,1417,525,481,598
2008,27,225,980,748,899,615,1837,1416,322,578,599
2008,28,219,859,649,722,539,1690,1467,473,945,600
2008,29,239,847,739,697,459,1375,1830,482,550,601
2008,30,236,740,575,701,443,1612,1505,528,717,602
2008,31,194,748,721,915,485,1595,1540,446,981,603
2008,32,146,806,849,804,429,1503,1832,448,422,604
2008,33,161,739,660,838,551,1919,1784,553,436,605
2008,34,236,688,704,816,501,1805,1444,542,552,606
2008,35,258,798,785,793,475,2715,824,526,303,607
2008,36,254,827,733,1014,576,2160,1744,572,519,608
2008,37,258,760,731,1312,516,1976,2629,496,520,609
2008,38,266,1069,748,1003,787,3041,2935,625,823,610
2008,39,305,1146,797,1123,875,2541,1603,519,1227,611
2008,40,455,1100,804,536,920,1965,2033,651,1237,612
2008,41,534,1222,819,453,961,2207,1726,673,1293,613
2008,42,401,1160,825,634,935,1988,1448,810,1437,614
2008,43,511,1186,922,576,1077,2308,1778,704,1331,615
2008,44,606,1265,817,517,1258,2327,2263,711,986,616
2008,45,742,1432,953,489,1167,2794,1691,776,1108,617
2008,46,714,1471,1030,492,1366,2836,1522,849,993,618
2008,47,702,1485,1017,632,1285,2910,1915,761,1103,619
2008,48,746,1823,1341,688,1787,2798,2279,1042,1073,620
2008,49,834,1856,1167,472,1505,3465,1868,860,1180,621
2008,50,820,1848,1233,491,1624,3373,1880,840,1140,622
2008,51,784,2136,1350,731,1650,2449,2766,948,1507,623
2008,52,1021,2337,1705,823,2408,4644,3655,1281,1752,624
2008,53,896,2371,1698,631,2092,3249,3134,1347,2861,625
2009,1,730,2010,1237,521,1497,2681,2714,975,2091,625
2009,2,879,2052,1291,565,1521,2818,3285,1162,2014,626
2009,3,1133,2301,1532,748,1782,3625,3936,1245,2361,627
2009,4,1431,2700,1884,956,2243,3848,5536,1342,2544,628
2009,5,2868,2771,2272,1244,2952,4899,6362,1621,2758,629
2009,6,3408,3409,2492,1388,3771,4740,7058,1728,3197,630
2009,7,2999,3514,2772,1374,3528,3818,5572,1942,3250,631
2009,8,2605,3137,2594,2037,3736,3684,4411,1926,3280,632
2009,9,1645,2856,3009,2132,3335,4713,4248,1818,3225,633
2009,10,1422,2564,2632,1716,2684,4058,2185,1732,2784,634
2009,11,1343,2586,2030,1679,2101,3001,3560,1656,2429,635
2009,12,1009,2372,1788,1460,1727,2473,2591,1381,2495,636
2009,13,848,2078,1588,1188,1469,2072,2173,1434,2280,637
2009,14,658,1962,1387,823,1289,2034,2589,1259,1778,638
2009,15,381,1633,1289,849,1052,3003,1598,1008,1631,639
2009,16,473,1366,1254,880,1049,2120,1982,1129,1975,640
2009,17,1322,4119,2572,1119,2530,2722,4440,2803,4928,641
2009,18,1084,3071,2248,991,2446,2438,3789,1910,3336,642
2009,19,1037,4231,1859,1037,1703,2120,3601,1436,1977,643
2009,20,715,11016,1902,886,1509,2107,2699,1485,2052,644
2009,21,960,12678,1991,968,1512,1769,1547,1479,2113,645
2009,22,1510,9698,1940,835,1339,1402,1132,1298,2073,646
2009,23,1394,6248,1908,569,1511,1549,1558,1226,1919,647
2009,24,1289,4307,1739,800,1821,1278,1012,1241,2365,648
2009,25,807,2939,1330,656,1869,1193,979,1168,2266,649
2009,26,897,1978,1070,556,1905,1476,1100,1131,2743,650
2009,27,650,1496,986,382,1447,1408,1731,859,2791,651
2009,28,485,1173,947,394,1511,1183,1102,720,3082,652
2009,29,427,1078,893,405,1490,1292,1090,826,2233,653
2009,30,385,1017,886,404,1483,1482,1761,769,2181,654
2009,31,350,1002,991,376,1506,1560,800,852,2056,655
2009,32,267,1019,926,556,1636,1529,1018,789,2017,656
2009,33,465,1034,933,554,2230,3265,2769,852,2063,657
2009,34,533,1200,1126,2424,3159,5981,4756,981,3001,658
2009,35,695,1531,2090,2254,4955,9232,8526,1843,3562,659
2009,36,875,2133,2726,2706,5100,8549,7358,2417,4082,660
2009,37,1385,2267,2757,2646,4772,7748,9612,2621,3856,661
2009,38,1738,2416,2724,3294,4859,7069,8797,3459,3723,662
2009,39,1618,2347,3126,3533,5042,7624,9729,5382,5457,663
2009,40,1638,2712,4332,6668,5491,8298,11291,7051,5179,664
2009,41,2423,3301,6468,9718,6417,6497,12240,9278,6441,665
2009,42,4518,4718,9874,9905,8711,5924,10902,7697,5655,666
2009,43,7128,5690,9720,7085,8866,5984,8831,6150,5926,667
2009,44,9823,5428,8299,6280,6669,5208,6690,4808,5512,668
2009,45,7503,4688,6066,4119,5088,4335,6138,3376,4662,669
2009,46,4960,3829,4151,2584,3620,4171,5610,2690,4135,670
2009,47,3103,3759,3221,2165,3378,3664,4490,2700,4576,671
2009,48,1939,2880,2209,1795,2655,3232,3968,1841,3502,672
2009,49,1459,2675,2269,1586,2413,3109,3870,1645,3133,673
2009,50,1202,2687,1723,1328,2338,3245,4450,1330,3218,674
2009,51,1175,2850,2519,1551,2851,3703,4126,1635,3604,675
2009,52,1120,2871,2510,1556,2688,3342,3940,1826,3708,676
2010,1,870,2027,1800,1345,2002,2775,2961,1183,2649,677
2010,2,708,1939,1586,1005,1758,2554,3190,1046,2401,678
2010,3,801,1979,1578,1311,1892,2818,3001,1330,2360,679
2010,4,808,1763,1581,1243,1938,2693,2947,1489,2741,680
2010,5,939,1870,1671,1757,2038,3015,3552,1468,2857,681
2010,6,916,1903,1803,1735,1798,3059,2941,1445,3196,682
2010,7,1103,1706,1712,1700,1872,2979,3139,1574,2259,683
2010,8,811,1532,1339,1592,1873,3045,3370,1593,2929,684
2010,9,663,1290,1270,1822,1725,3206,3127,1357,2851,685
2010,10,672,1363,1106,1438,1956,3329,3155,1207,2695,686
2010,11,560,1496,1168,1571,1750,2575,2508,1108,2747,687
2010,12,542,1388,1029,1202,1593,2138,2094,1018,2356,688
2010,13,575,1458,973,1046,1506,1913,1840,1194,2397,689
2010,14,724,1141,864,955,1165,1733,1677,911,1958,690
2010,15,488,1222,860,796,1137,1540,1571,1008,1830,691
2010,16,419,1249,761,880,1160,1503,1570,931,1760,692
2010,17,377,1260,790,814,1187,1449,1575,944,1829,693
2010,18,556,1219,841,707,1200,1310,1504,799,1674,694
2010,19,401,1235,729,911,1117,1558,1508,931,1740,695
2010,20,448,1213,959,902,1128,1547,1258,801,1800,696
2010,21,494,1116,936,715,1131,1349,1304,698,1862,697
2010,22,531,1146,1122,690,1197,1591,1409,904,2133,698
2010,23,475,1009,933,422,964,1299,1074,518,1868,699
2010,24,458,1016,991,360,951,1194,865,495,1822,700
2010,25,441,1103,934,368,866,1237,975,523,1797,701
2010,26,397,1027,811,432,853,1227,963,402,1571,702
2010,27,490,1031,942,412,839,1320,924,485,1685,703
2010,28,360,873,792,352,694,991,947,421,1562,704
2010,29,426,844,614,275,697,979,846,437,1964,705
2010,30,397,855,593,430,669,1003,711,408,2092,706
2010,31,411,922,754,253,748,1067,728,522,1874,707
2010,32,464,847,775,267,752,1243,526,436,1878,708
2010,33,369,877,916,253,843,1185,857,569,1769,709
2010,34,342,753,750,332,886,1361,780,534,1210,710
2010,35,273,729,804,394,1008,1329,1205,740,1699,711
2010,36,380,953,976,420,1087,1542,1404,779,1629,712
2010,37,417,921,976,435,923,1078,1143,737,1948,713
2010,38,456,1135,930,545,1057,1267,1240,979,2132,714
2010,39,376,1101,807,600,1066,1201,1360,977,2043,715
2010,40,495,1078,855,863,1088,1479,2007,899,1570,716
2010,41,648,1297,950,852,1212,1645,1983,930,1827,717
2010,42,623,1193,1043,847,1222,1467,2101,977,1765,718
2010,43,615,1204,1013,711,1339,1488,2050,1169,1639,719
2010,44,643,1337,1147,706,1483,1851,2349,1223,2053,720
2010,45,597,1523,1094,987,1702,2079,2324,970,2193,721
2010,46,719,1642,1107,923,1985,2310,2389,1363,2307,722
2010,47,857,2031,1273,931,2325,2879,2659,1536,2522,723
2010,48,753,2261,1083,1107,1826,2648,2500,1497,2227,724
2010,49,794,2472,1198,1030,2114,3245,2416,1741,2632,725
2010,50,832,2999,1313,1284,2689,5910,2927,1835,3181,726
2010,51,1055,4037,1964,1537,3448,7655,3858,2223,3913,727
2010,52,1246,4206,2411,1884,3249,6434,4220,2160,4089,728
2011,1,987,3185,1950,1527,2729,5267,3539,1723,3055,729
2011,2,1201,3180,2227,1510,2864,5101,4570,1991,3284,730
2011,3,1220,2989,3027,1917,3587,6104,5871,2491,3535,731
2011,4,1488,3073,3937,2883,4274,6691,6519,2724,4077,732
2011,5,1917,3066,4337,3478,4824,6945,7851,3076,4032,733
2011,6,2070,3004,3709,3252,4705,6626,7827,3193,4404,734
2011,7,2403,3037,3628,4054,4526,6203,8002,3450,4837,735
2011,8,2479,3026,3418,4128,3870,4951,6171,3206,4747,736
2011,9,1874,2428,3090,3628,2895,3787,4639,2873,4701,737
2011,10,1812,2178,2649,3340,2474,3087,3581,2511,4367,738
2011,11,1474,2051,2532,2377,2041,2428,3032,2135,4106,739
2011,12,1166,1879,1856,1989,1657,1837,2958,1836,3147,740
2011,13,1204,1895,1723,1625,1527,1922,1992,1541,2885,741
2011,14,1055,1903,1467,1288,1301,1781,1959,1387,2399,742
2011,15,973,1624,1038,1019,1172,1662,1540,1195,2286,743
2011,16,885,1566,1081,861,1121,1492,1547,1291,2064,744
2011,17,773,1276,953,716,977,1353,1471,1018,2053,745
2011,18,708,1200,924,507,969,1440,1511,1037,1869,746
2011,19,610,1253,1051,535,976,1286,1459,978,1801,747
2011,20,611,1172,911,585,1040,1149,1274,734,1881,748
2011,21,719,1344,837,543,960,1135,1142,637,1836,749
2011,22,727,1247,1171,354,1013,1445,1225,683,2180,750
2011,23,675,1235,825,324,930,1132,978,611,1946,751
2011,24,659,1158,724,254,864,1051,1155,542,1655,752
2011,25,598,1029,696,387,754,915,1006,482,1597,753
2011,26,554,953,897,180,760,866,1225,444,1528,754
2011,27,622,916,1020,360,788,1008,969,511,1547,755
2011,28,557,760,555,222,662,798,1009,413,1462,756
2011,29,571,675,722,300,619,911,880,470,1259,757
2011,30,531,705,723,272,665,712,943,405,1210,758
2011,31,494,701,853,296,632,699,882,452,488,759
2011,32,517,743,684,239,652,819,876,387,1154,760
2011,33,517,722,733,209,758,955,967,457,1011,761
2011,34,483,741,791,299,869,1173,1080,503,1154,762
2011,35,513,703,862,362,849,1099,1365,689,1294,763
2011,36,485,725,977,553,958,1322,1637,613,1380,764
2011,37,488,801,857,757,1080,1291,1613,608,1571,765
2011,38,485,800,1086,571,1140,1248,1555,673,1562,766
2011,39,606,979,1053,699,1285,1570,1519,750,1581,767
2011,40,540,1267,1225,819,1187,1448,2001,911,1286,768
2011,41,798,1428,1172,853,1237,1475,1850,844,1291,769
2011,42,677,1406,1176,820,1199,1453,2040,911,1566,770
2011,43,769,1444,1163,916,1246,1709,1982,1030,1556,771
2011,44,802,1706,1251,1081,1389,1687,1962,1249,1757,772
2011,45,808,1705,1220,947,1444,1845,2094,1115,1596,773
2011,46,655,1730,1217,807,1409,1786,2224,1272,1866,774
2011,47,870,2111,1468,1028,1590,1763,2214,1389,1834,775
2011,48,741,2059,1213,922,1400,1662,2193,1220,1256,776
2011,49,711,2080,1140,871,1431,2070,2037,1171,1782,777
2011,50,837,2117,1360,1317,1594,2039,2333,1135,2071,778
2011,51,985,2368,1456,1258,1885,2180,2338,1318,2296,779
2011,52,1171,2505,1870,1700,2122,2796,2422,1581,2627,780
2012,1,957,2201,1516,1248,1669,1936,2247,1397,2357,781
2012,2,929,1793,1331,1285,1320,2105,2134,1287,1949,782
2012,3,920,1891,1423,1421,1526,2190,2263,1253,2119,783
2012,4,898,1777,1457,1569,1438,2378,2290,1470,2396,784
2012,5,855,1775,1789,2151,1566,2641,2364,1764,2656,785
2012,6,871,1743,1635,2411,1532,2785,2709,1794,2319,786
2012,7,870,1776,1977,2738,1669,2906,3020,1931,2497,787
2012,8,998,1970,2277,2719,1520,2674,3163,2041,2861,788
2012,9,827,1793,2315,3029,1616,2747,3284,2052,2519,789
2012,10,747,1761,2742,2798,1696,2967,3268,2085,2051,790
2012,11,894,1941,3169,2570,1611,3184,3878,2279,2418,791
2012,12,956,1814,2371,1695,1509,2283,2840,1946,2475,792
2012,13,698,1742,1681,1237,1373,1837,2597,1791,3201,793
2012,14,875,1820,1714,1056,1320,1931,2343,1622,2588,794
2012,15,915,1703,1512,884,1186,1531,1937,1426,2607,795
2012,16,895,1546,1330,829,1119,1570,2058,1224,2016,796
2012,17,673,1360,1249,738,1042,1531,1951,1142,2067,797
2012,18,570,1476,1290,761,1049,1884,1965,1148,2197,798
2012,19,678,1561,1075,723,990,1617,1950,1058,2078,799
2012,20,578,1465,1024,659,973,1921,1950,984,1933,800
2012,21,611,1398,981,481,1166,1521,1911,989,1983,801
2012,22,635,1340,1117,411,1227,1521,1907,1173,2010,802
2012,23,527,1301,981,278,1143,1763,1541,836,1643,803
2012,24,535,1274,778,233,1152,1108,1422,850,1503,804
2012,25,561,1381,841,144,1050,701,1479,781,1547,805
2012,26,605,1349,820,285,950,1227,1898,681,1404,806
2012,27,621,1237,958,382,968,1104,1529,615,1506,807
2012,28,599,1212,847,294,821,862,1346,556,1259,808
2012,29,568,1123,817,235,831,748,1264,616,1287,809
2012,30,517,1063,888,315,820,1047,1182,621,1392,810
2012,31,526,996,1080,416,790,1150,1313,662,1492,811
2012,32,568,909,855,319,810,975,1325,749,1446,812
2012,33,533,956,842,208,881,986,1247,769,1109,813
2012,34,447,1113,949,526,946,1065,1523,788,1581,814
2012,35,464,917,1025,460,1025,1147,1582,948,1584,815
2012,36,552,974,1101,594,928,1649,1695,1077,1794,816
2012,37,548,1123,1148,729,1074,1120,1964,1098,1667,817
2012,38,526,1256,1138,641,1136,1224,1966,901,1784,818
2012,39,539,1244,1125,782,1175,1359,1971,1010,1796,819
2012,40,584,1255,1206,1050,1068,1262,2163,819,1616,820
2012,41,609,1365,1220,1031,1176,1517,2430,825,1745,821
2012,42,778,1478,1268,1242,1135,1542,2057,862,1767,822
2012,43,602,1487,1205,1087,1182,1513,2669,864,1805,823
2012,44,649,1577,1359,1383,1372,1611,2780,981,1874,824
2012,45,611,1431,1467,1331,1493,1998,3365,1046,1944,825
2012,46,686,1519,1506,1534,1697,2577,3409,1216,1968,826
2012,47,855,1980,1875,1810,2091,4266,4822,1524,2203,827
2012,48,904,2131,1861,1729,2196,3615,4093,1432,1971,828
2012,49,1292,2618,2590,1897,3316,5677,5005,1653,1996,829
2012,50,1849,3200,3486,2333,4073,6002,6098,2190,2269,830
2012,51,2784,4026,4639,3781,4905,6875,7715,2970,2647,831
2012,52,4144,5204,5960,6116,6503,7799,9256,4246,4030,832
2013,1,3100,4664,4604,5428,5437,5656,7641,3801,3148,833
2013,2,3066,5195,3961,4965,5041,4525,7156,3657,3227,834
2013,3,2810,5797,3864,4918,4530,4017,6963,4096,4171,835
2013,4,2448,4813,3482,4908,2802,3543,6645,4475,5188,836
2013,5,2178,3868,3203,4725,2977,3372,5439,3601,4930,837
2013,6,1872,3511,2883,4193,2505,3044,4433,3296,4559,838
2013,7,1571,3141,2655,3478,2360,3009,3727,2905,4071,839
2013,8,1422,3291,2471,2757,2394,2634,3327,2552,3461,840
2013,9,1282,2830,2463,2398,2322,2747,3183,2170,3131,841
2013,10,1254,2913,2274,2205,2590,2953,3273,1759,3250,842
2013,11,1212,2732,2474,2081,2353,2851,3291,1744,2886,843
2013,12,1138,2520,2160,1682,2029,2408,2717,1311,2572,844
2013,13,1232,2219,1954,1521,2010,1951,2603,1172,2416,845
2013,14,1263,1966,1794,1162,1699,1796,2536,1126,2006,846
2013,15,1312,1643,1493,1113,1412,1428,2204,990,1669,847
2013,16,1075,1601,1373,1096,1091,1097,1991,914,1518,848
2013,17,811,1514,1262,1028,985,952,1950,931,1459,849
2013,18,809,1505,1138,966,889,1145,1829,977,1436,850
2013,19,739,1453,1203,745,895,1201,1984,903,1388,851
2013,20,639,1407,1257,586,866,1209,1953,861,1455,852
2013,21,615,1358,1126,720,917,1158,1743,884,1292,853
2013,22,636,1409,1340,673,848,1123,1704,870,1252,854
2013,23,557,1224,1256,403,764,788,1424,795,1285,855
2013,24,646,1306,1219,412,776,956,1322,743,1336,856
2013,25,546,1225,1147,342,710,876,1604,715,1302,857
2013,26,568,1117,1031,435,668,822,1405,618,1160,858
2013,27,586,1164,1091,617,735,701,1504,585,1147,859
2013,28,518,1069,980,310,556,608,1386,537,1020,860
2013,29,525,968,849,436,567,689,1339,564,1041,861
2013,30,452,925,822,520,624,726,1251,671,1048,862
2013,31,465,933,810,391,594,745,1555,608,969,863
2013,32,531,886,726,695,552,728,1217,705,1025,864
2013,33,452,767,887,678,641,784,1361,641,977,865
2013,34,449,813,773,587,662,1064,1442,578,926,866
2013,35,406,773,844,388,756,1152,1771,869,1217,867
2013,36,345,781,985,608,867,1163,2210,833,1313,868
2013,37,402,841,1078,702,978,1204,2310,626,1389,869
2013,38,473,1181,1183,605,1051,1059,2409,669,1392,870
2013,39,610,1332,1180,355,1098,1334,2589,864,1558,871
2013,40,615,1336,1178,359,1033,1171,2092,866,1276,872
2013,41,643,1270,1268,488,1099,1268,2269,980,1445,873
2013,42,734,1344,1276,407,1145,1521,2437,935,1444,874
2013,43,687,1486,1360,533,1265,1940,2459,975,1490,875
2013,44,722,1571,1421,585,1313,1999,2575,1020,1642,876
2013,45,775,1608,1477,581,1399,2253,2962,1067,1849,877
2013,46,794,1638,1479,517,1447,2383,3282,1051,1843,878
2013,47,709,1750,1544,587,1585,2495,3563,1374,1743,879
2013,48,932,2156,2036,686,2001,2739,4353,1470,2107,880
2013,49,822,2154,1953,733,1957,3639,4872,1587,1962,881
2013,50,1031,2209,2154,850,2049,3586,5679,1740,2357,882
2013,51,1140,2608,2540,1446,2664,4204,7296,2370,2828,883
2013,52,1736,3349,4056,2429,3672,5685,9668,3747,4765,884
2014,1,1744,3482,3919,2225,3589,5266,8532,3505,4756,885
2014,2,1422,2853,3115,1838,3193,4453,7026,3040,4259,886
2014,3,1742,3084,2662,1918,3450,3795,5817,2913,4132,887
2014,4,1877,3035,2668,1874,3461,3749,5183,2735,4486,888
2014,5,1820,2818,2263,1732,2994,2879,4840,2527,3804,889
2014,6,2093,2781,2048,1345,2542,2642,4177,2248,3460,890
2014,7,1681,2480,1938,1144,2512,2308,3567,2029,3108,891
2014,8,1535,2212,1971,1154,2026,1796,3463,1782,3069,892
2014,9,1293,1987,1882,892,1817,1640,3425,1594,2647,893
2014,10,1304,2270,1744,897,1720,1773,3336,1492,2401,894
2014,11,1240,2561,1769,855,1422,1088,2878,1332,2060,895
2014,12,1389,3177,1630,738,1421,1149,2877,1268,2121,896
2014,13,1314,3438,1682,581,1349,1100,2781,1147,1793,897
2014,14,1604,3358,1622,651,1359,1028,2694,1196,1751,898
2014,15,1842,3086,1584,524,1302,891,2751,1200,1597,899
2014,16,1561,2397,1450,469,1075,941,2567,1204,1642,900
2014,17,1404,1898,1466,538,1048,839,2388,1179,1599,901
2014,18,1041,1613,1379,477,1024,816,2050,1142,1425,902
2014,19,1041,1672,1563,512,1005,788,2087,1265,1513,903
2014,20,902,1581,1359,439,940,704,2223,1302,1561,904
2014,21,681,1539,1408,438,1043,935,2204,1261,1840,905
2014,22,657,1528,1250,334,943,866,2207,1194,1659,906
2014,23,730,1512,1203,278,903,802,1956,872,1665,907
2014,24,610,1365,1150,255,817,783,1779,878,1656,908
2014,25,592,1567,1104,282,930,565,1553,668,1625,909
2014,26,647,1451,920,253,808,581,1726,694,1615,910
2014,27,734,1327,814,226,842,629,1550,788,1643,911
2014,28,485,1273,718,247,705,497,1503,625,1388,912
2014,29,516,1233,649,232,678,542,1399,712,1372,913
2014,30,530,1124,645,237,642,556,1206,760,1207,914
2014,31,482,1231,647,257,629,456,1372,612,1192,915
2014,32,481,1110,720,248,606,613,1187,653,960,916
2014,33,552,1096,689,518,638,778,1240,724,969,917
2014,34,509,1059,766,244,643,907,1309,711,1045,918
2014,35,479,1132,712,281,698,875,1477,896,1211,919
2014,36,593,1162,920,699,804,939,1705,780,1438,920
2014,37,566,1285,1324,407,1000,921,1793,1009,1723,921
2014,38,658,1622,1361,473,1048,1014,1891,1031,1203,922
2014,39,699,1599,1181,323,1111,1559,1801,1028,1114,923
2014,40,691,1593,1026,498,1117,1165,1834,976,1676,924
2014,41,761,1586,1052,575,1350,1364,2025,935,1903,925
2014,42,785,1885,1144,604,1341,1187,2361,1015,1704,926
2014,43,635,1923,1207,620,1356,1379,2333,1003,1705,927
2014,44,816,1866,1263,523,1430,1248,2429,982,1749,928
2014,45,852,2067,1442,561,1488,1699,2728,1156,2013,929
2014,46,897,1945,1549,596,1582,1911,2758,1183,1837,930
2014,47,887,2194,1840,740,1953,2489,4172,1237,2216,931
2014,48,1100,2571,2713,1011,2522,3030,5423,1687,2324,932
2014,49,1093,2410,3242,1004,2532,3402,5203,1671,2215,933
2014,50,1175,2729,4509,2220,3326,5389,6703,2138,2393,934
