"YEAR","WEEK","CASES_NEW","CASES_MAT","CASES_ENC","CASES_WNC","CASES_SAT","CASES_ESC","CASES_WSC","CASES_MTN","CASES_PAC"
2003,1,8321,42788,131493,38418,99678,28452,280769,18081,74139
2003,2,8271,47455,121660,33184,89224,21112,208617,27436,89918
2003,3,17688,75782,160582,53594,114947,32724,272678,31650,123152
2003,4,24508,84782,295381,87306,206133,55091,468629,37475,136852
2003,5,33487,95464,393205,97629,299949,76394,430517,59971,167233
2003,6,57619,140189,449662,85778,357200,83742,310044,79594,265840
2003,7,68113,141375,404941,67027,402947,61769,259462,89563,277229
2003,8,66510,134815,383195,67007,368390,71439,96688,100539,352687
2003,9,54736,83771,278774,77578,261043,30718,60692,90141,333016
2003,10,43255,44931,192471,66471,205077,31214,120134,69817,308313
2003,11,36309,54852,135311,53075,164323,17005,44755,63304,282294
2003,12,19239,44505,105507,43340,133847,11684,30927,46583,325874
2003,13,13252,33620,60696,32792,100838,13121,13202,29347,198749
2003,14,10073,28532,49567,24993,60165,15795,11206,18919,143724
2003,15,6645,25283,28251,20522,49840,13190,8709,19933,102277
2003,16,6236,15088,17897,16035,29578,9250,7441,10341,70726
2003,17,5029,13557,12556,12386,25391,9514,3410,6298,66745
2003,18,4413,8735,6137,9393,12593,6852,2300,4238,30330
2003,19,4164,8552,4165,6321,11300,4356,1297,2512,27210
2003,20,2602,10046,4081,7271,3967,3623,1049,1915,25658
2003,21,1389,4557,2254,2897,4473,4334,5648,4564,20111
2003,22,1340,6743,2017,4060,2420,3165,4602,3054,12779
2003,23,515,4141,1705,1946,1647,2596,2761,2366,17535
2003,24,647,3323,1539,1083,2514,2047,1913,1447,10452
2003,25,1155,1985,876,589,2453,632,1244,704,9086
2003,26,782,1022,1097,420,3202,256,2161,870,3474
2003,27,482,627,858,340,3100,51,631,576,6588
2003,28,421,737,633,323,4118,106,756,470,5482
2003,29,270,421,304,255,4246,70,1001,275,5820
2003,30,221,491,289,154,5466,41,926,267,4803
2003,31,141,417,383,178,3441,17,413,298,3774
2003,32,149,414,355,136,5432,22,2586,329,3569
2003,33,50,532,253,77,3405,66,4829,410,3080
2003,34,30,716,229,75,2983,107,7196,845,3845
2003,35,54,617,276,83,2776,260,8392,1379,2376
2003,36,42,819,306,118,3190,648,12513,3064,9124
2003,37,32,1159,378,355,3018,646,21807,4477,8785
2003,38,58,1861,759,747,4796,218,27473,7828,14556
2003,39,608,3562,1528,1195,9244,287,60189,13320,15337
2003,40,1168,3743,9008,2778,9204,7432,75802,9480,10612
2003,41,1616,6756,13581,6326,19615,11251,99294,14526,17772
2003,42,3384,9651,18816,9262,27459,16827,141849,20429,42966
2003,43,5006,12365,29962,14983,43710,24831,287128,22431,48386
2003,44,8920,28279,42208,16815,72071,38928,578927,38848,62658
2003,45,13049,34142,63612,22926,119576,60316,1018522,51080,118544
2003,46,18369,55904,110312,42019,183309,91167,949544,135409,163576
2003,47,30970,75941,169488,54710,279286,112636,1036342,228594,395372
2003,48,47853,100209,284894,163860,488560,169265,916149,329368,676653
2003,49,75994,159890,401306,217340,669932,223981,773536,303885,714868
2003,50,176108,273172,723776,459239,1107054,299889,765466,229677,837618
2003,51,243851,369224,834120,389420,1230483,320732,567164,175314,661708
2003,52,264130,374570,836387,431372,1270878,314889,365105,144151,558432
2003,53,194358,243453,478507,157615,779219,185860,198922,77661,368533
2004,1,116630,124111,187950,74755,372516,98070,95511,26572,201761
2004,2,66311,79731,116577,42186,242857,51913,63428,18685,98987
2004,3,47340,51024,86421,37359,189128,36919,39585,17011,72776
2004,4,25499,37310,57919,23736,129910,41427,26488,10016,43787
2004,5,17873,26668,41647,15614,74862,32632,12936,7520,32681
2004,6,13816,26205,26339,12505,48163,22824,9240,4287,22250
2004,7,11797,20934,16368,8824,40973,14333,5028,3141,13267
2004,8,8398,13578,11584,5840,25433,6871,2433,1535,8607
2004,9,6073,10592,8338,4274,16794,5248,2393,1244,5515
2004,10,6047,12007,7266,3607,15396,3206,1047,928,5533
2004,11,5321,11874,5753,1516,9336,2642,846,944,5025
2004,12,4697,10605,5483,1304,5303,2092,444,856,2820
2004,13,4189,12976,3491,479,3499,1508,327,733,2533
2004,14,2306,10467,3542,382,2573,1320,331,904,2354
2004,15,2421,8564,3587,264,2906,1020,292,905,2673
2004,16,2441,8537,2966,91,2305,971,331,789,2371
2004,17,1453,7280,2223,75,1736,777,385,599,1995
2004,18,1160,5684,2309,80,1793,692,623,714,1928
2004,19,301,4884,1912,30,1905,579,361,801,2314
2004,20,1580,5248,1806,15,1843,413,569,690,2411
2004,21,554,3137,1654,13,2315,248,324,333,3146
2004,22,418,2350,1484,6,1294,204,638,429,7031
2004,23,237,2038,876,5,1030,88,965,167,6696
2004,24,118,1179,695,1,1109,47,856,196,5392
2004,25,144,753,464,1,1696,26,625,140,2737
2004,26,73,220,320,1,752,13,606,105,2064
2004,27,53,462,261,1,788,7,2519,346,2971
2004,28,41,773,215,3,1593,4,1377,311,1895
2004,29,23,736,237,5,437,5,2229,316,1403
2004,30,44,1027,361,15,749,11,2005,320,910
2004,31,89,965,214,36,1834,18,1071,334,1863
2004,32,170,1777,759,64,2622,34,885,518,574
2004,33,426,1524,1031,109,1301,70,2253,615,665
2004,34,258,1829,1927,160,1342,118,1529,1254,1974
2004,35,285,2280,2099,238,3334,187,1290,1830,2400
2004,36,198,3679,2861,591,1771,286,1055,972,2713
2004,37,381,4347,3641,865,3814,356,1016,1211,5919
2004,38,342,6037,4720,1222,3077,476,1065,1607,3857
2004,39,424,4605,5523,1791,5724,612,402,1791,7281
2004,40,835,12083,6498,1629,4294,499,942,2178,6923
2004,41,1237,12623,8522,2175,6852,806,854,2773,7107
2004,42,1139,13754,10121,2977,8044,1175,1738,2833,10163
2004,43,1498,19854,14686,3495,11580,1416,1359,3822,21536
2004,44,2267,24614,20367,5079,13420,2280,2345,5421,22284
2004,45,4481,30097,27021,7182,15759,4353,3720,7018,28264
2004,46,4188,46172,35478,8928,16759,7144,6021,7882,34819
2004,47,7066,57504,57435,14014,33213,11498,11051,11336,51999
2004,48,11063,61888,59104,13787,41038,14220,21427,9221,47379
2004,49,15733,94773,78057,19047,51760,19936,24928,11559,64614
2004,50,20230,124775,93992,28448,73688,31354,35025,16519,84538
2004,51,43815,218895,143512,51648,104919,47963,78168,27579,131296
2004,52,70222,229220,221393,58073,156125,64908,83135,39704,225022
2005,1,67833,220259,226835,79081,138455,58549,107012,39311,187450
2005,2,61538,229327,248298,103434,141316,65612,143096,48575,276225
2005,3,65198,226210,320363,146321,192863,97986,215936,54160,319934
2005,4,61424,251341,401943,173153,315717,138659,337642,65837,368857
2005,5,59618,274630,535716,220431,463252,229908,693601,78245,419905
2005,6,62205,299335,588663,238241,590468,299793,699102,92329,450611
2005,7,46378,285803,569033,199995,689007,345941,692629,98799,452268
2005,8,36686,262266,462843,141087,540871,352110,531851,87073,393251
2005,9,28896,203101,345047,107247,449961,321287,330545,65930,279523
2005,10,23316,182114,254987,74811,435360,282555,261175,56167,239675
2005,11,19879,142838,189544,63975,367854,186837,174005,44509,178358
2005,12,13583,126116,131976,49313,269809,166839,95730,38156,163876
2005,13,12869,80384,93596,32456,180706,103257,67108,26209,134343
2005,14,9018,48761,51341,22060,114237,71001,41591,22651,103907
2005,15,5698,36222,37908,14725,89821,56400,29379,18157,105886
2005,16,4420,27472,27103,10113,73481,39584,24248,13566,47439
2005,17,3465,19800,16361,6904,45814,33983,14907,12975,53347
2005,18,2563,14594,11456,5140,31750,23355,8205,8594,45386
2005,19,831,12001,9089,3366,23624,15560,7019,9811,39842
2005,20,633,7685,5848,2641,13679,9961,3957,6732,40232
2005,21,627,3506,4588,1619,8879,5689,3984,5809,31819
2005,22,276,4018,4124,1488,5773,4285,3880,7358,24007
2005,23,279,3955,1671,906,3605,1712,3300,4682,21705
2005,24,160,2598,1633,511,1902,851,2960,3649,20243
2005,25,133,2538,1274,251,943,442,2849,2970,13226
2005,26,110,2310,873,50,622,180,2989,1581,11287
2005,27,100,1133,761,36,407,84,2672,1217,7966
2005,28,137,1933,463,28,382,24,3359,699,5631
2005,29,105,1894,427,27,405,9,3030,324,6257
2005,30,97,1659,353,9,438,3,3517,158,5167
2005,31,81,1896,311,12,899,0,2999,104,5076
2005,32,93,1591,362,3,1136,0,2568,111,2878
2005,33,119,1180,373,2,774,0,2140,79,5367
2005,34,93,318,384,3,1445,0,4061,93,4488
2005,35,49,964,410,5,1705,1,6840,90,5827
2005,36,73,1383,533,6,2420,4,4238,117,9697
2005,37,48,906,529,7,3107,7,4892,99,7840
2005,38,53,1154,646,37,3342,19,5139,191,11079
2005,39,59,1016,717,40,3920,58,4641,334,11886
2005,40,145,1927,1198,208,3081,80,2764,1984,17599
2005,41,161,1912,2248,257,3780,208,4300,1852,17787
2005,42,259,1695,3787,390,3822,473,5827,3621,21340
2005,43,349,2125,5564,779,4567,789,8055,5321,24293
2005,44,466,3435,9244,1100,5570,1536,12206,8794,43718
2005,45,879,4567,12477,1430,8744,2269,20569,17297,39184
2005,46,1198,5770,17833,2281,11596,3449,30302,21887,70621
2005,47,2004,9651,30972,4044,17675,6420,41330,24806,107685
2005,48,2142,15412,35151,5295,19493,7331,51677,34890,113559
2005,49,3280,19394,38982,6103,31391,13356,74070,49938,175917
2005,50,4262,27296,50914,7326,45534,14229,129574,85672,284952
2005,51,5158,41109,72091,13768,62724,21661,240499,126649,450306
2005,52,10082,69836,113798,18975,93483,42941,325257,157952,345621
2006,1,9156,68886,122839,20478,117474,36105,300969,117280,227200
2006,2,11064,78937,116332,22494,110270,45733,289897,76975,145525
2006,3,12937,101176,125380,29940,137494,51135,398598,71176,149666
2006,4,18445,111027,146449,42354,186644,69111,361204,64891,182187
2006,5,25065,120225,168704,49680,248527,78412,362969,70774,169590
2006,6,32429,150066,207584,56845,318461,113816,324433,60864,132965
2006,7,41482,155484,232444,63255,432769,121877,414583,61300,167137
2006,8,46787,163461,264463,76164,473229,140591,399618,72497,127629
2006,9,51116,155059,257929,75613,405609,175098,403206,69360,105859
2006,10,52552,191459,259484,84695,337235,156847,312742,65285,162812
2006,11,47872,163207,206003,79495,325775,116517,218958,59228,173718
2006,12,42220,152145,162508,84881,202151,95747,204104,50748,200670
2006,13,35642,115907,142133,65039,217793,62299,179683,40871,172234
2006,14,31106,58367,96516,30034,137311,81139,190065,33363,153548
2006,15,27971,66357,63838,20068,83432,48556,126262,28714,111026
2006,16,18875,46201,49323,9602,64854,55146,115778,19235,79238
2006,17,11264,30980,34505,7722,49132,50837,90849,18286,70257
2006,18,8386,19907,26951,5912,45757,41841,65495,14823,63223
2006,19,5515,16607,20807,4675,42084,32485,70149,11410,47119
2006,20,1856,11861,17270,3073,31070,35931,72946,9572,43680
2006,21,1417,9010,12747,2035,27536,25037,48427,7599,39010
2006,22,1186,6474,8416,2377,30441,16549,65470,4548,20858
2006,23,578,2457,7099,1381,23704,10863,46761,10165,34398
2006,24,523,2392,5734,886,22873,6577,26462,5449,26711
2006,25,304,1611,3947,764,21229,4298,20353,3343,19631
2006,26,258,682,3353,514,20881,3303,16592,2777,22424
2006,27,217,906,2686,405,24791,2074,14116,1939,19276
2006,28,107,554,2112,208,29847,1646,8625,2485,16146
2006,29,58,187,1618,162,28514,1678,5465,2058,10456
2006,30,41,145,1107,123,26667,2235,4254,1207,10060
2006,31,23,148,1230,87,26923,2678,3579,1027,8576
2006,32,26,156,735,95,20221,2765,3348,723,11730
2006,33,15,116,873,81,27627,3237,3408,712,8046
2006,34,24,144,786,77,23229,6723,2795,418,10458
2006,35,52,187,728,101,25033,9034,3940,390,7590
2006,36,44,218,876,161,41397,12447,4485,617,20365
2006,37,84,354,778,170,29035,14497,4164,674,26998
2006,38,58,422,939,252,30569,16884,5721,968,30978
2006,39,139,465,1040,525,23618,15744,7851,937,35478
2006,40,331,2105,2332,473,35467,13050,6177,1968,38852
2006,41,342,1974,3413,681,37598,12611,9527,1193,39357
2006,42,492,2728,5237,1084,38325,12905,14208,1436,36512
2006,43,604,2515,7928,1551,42194,13855,17163,1979,30335
2006,44,820,2970,11302,2197,47247,16690,23707,2944,33222
2006,45,815,3330,17822,3377,52733,23215,35365,4592,30077
2006,46,1242,5050,29062,4848,56783,35628,47408,4745,25079
2006,47,2219,9862,39665,7129,72869,52025,63677,9298,29660
2006,48,1915,11275,52800,11355,83001,50990,69161,9472,26551
2006,49,3063,15044,74211,14684,93330,80156,85999,12501,34062
2006,50,4484,22616,104991,20546,146409,135222,144517,17070,40383
2006,51,5446,39098,160849,36702,182647,146158,179972,25211,69750
2006,52,10768,55231,267792,39811,174242,169896,269483,45133,77921
2007,1,11536,57428,233907,55412,119297,99097,209420,31725,108472
2007,2,10544,53008,212068,48771,105596,94840,217629,27375,136837
2007,3,16728,70454,248668,59226,112659,103737,309829,38302,163917
2007,4,13902,112551,320184,77909,134370,147149,427022,47287,225272
2007,5,21191,123427,423879,121684,162531,142520,462636,71891,280294
2007,6,30233,146886,454247,115476,228216,182229,594478,72512,331738
2007,7,36867,176970,478774,127417,255695,180725,642076,81517,305719
2007,8,39592,179950,440235,119490,268102,188427,610503,76942,254139
2007,9,41478,156401,381479,85524,232691,144159,492243,67612,232481
2007,10,38372,169866,356912,57752,236450,107266,368537,61454,215431
2007,11,39864,204927,332308,54245,203010,88132,286411,63012,169153
2007,12,32212,158499,287114,34776,147451,73013,160868,45322,139313
2007,13,29027,147216,155022,23948,123777,38318,126926,32661,128215
2007,14,25455,126174,100305,16171,82147,39188,102105,24889,68451
2007,15,21253,88297,76781,13837,87800,27232,91914,16459,101182
2007,16,16587,52948,56208,10410,65411,25567,52923,14132,68466
2007,17,10941,43129,42997,6023,50020,15945,42967,10076,61382
2007,18,7294,30516,29105,4243,41555,11478,29109,7417,58421
2007,19,4976,24986,19451,4456,38557,6385,23755,6031,53341
2007,20,1659,21475,14269,2727,27622,3418,18266,3865,44430
2007,21,1236,20556,10424,1375,21238,2417,13946,3620,36073
2007,22,1438,14009,7077,1643,20255,1582,11747,3116,35471
2007,23,638,7634,3883,1048,12431,745,8307,2228,27551
2007,24,664,5401,2505,728,10594,389,7045,1815,26799
2007,25,518,3789,1769,561,8664,115,5584,1489,23617
2007,26,340,1808,1214,438,7392,73,6357,1138,23085
2007,27,211,1715,932,268,6725,70,4367,1231,12938
2007,28,149,879,533,235,6478,30,3301,1040,7561
2007,29,100,827,669,161,5365,8,5064,772,14794
2007,30,63,932,650,103,6635,5,5722,909,13564
2007,31,69,684,418,93,5090,2,5333,795,12170
2007,32,77,594,614,126,4761,2,5406,740,17598
2007,33,100,752,536,150,7098,4,5654,512,21987
2007,34,118,804,521,154,5332,9,6641,581,41323
2007,35,118,552,514,272,8153,17,6454,698,32037
2007,36,112,477,708,339,12276,46,5675,913,38922
2007,37,114,485,676,401,10901,43,8640,857,37648
2007,38,158,427,924,479,11788,57,11909,1015,35057
2007,39,222,579,1145,526,11717,48,11492,1392,42104
2007,40,389,1102,1721,556,14211,607,14183,2026,22448
2007,41,487,1203,2571,519,14863,1061,21403,3901,29078
2007,42,490,1570,3491,831,15026,1292,26513,4673,31958
2007,43,719,2027,6228,1045,18066,1591,34226,6441,27745
2007,44,874,3079,8649,1373,19766,2245,45281,8301,29121
2007,45,1023,4883,13497,1573,22056,2999,57623,10772,30540
2007,46,1198,7089,21403,2453,26597,5398,65257,13779,27395
2007,47,2369,11470,32712,3136,33281,9178,91496,20982,40282
2007,48,2518,16089,37585,4078,29885,9584,101892,19722,34725
2007,49,3749,22847,54140,5658,34242,16743,98928,22685,46258
2007,50,4285,34038,72870,11439,44038,20155,105855,33032,62480
2007,51,5815,47268,120890,13841,73276,30217,133107,41125,95839
2007,52,11476,73813,192206,30907,104662,61221,200142,66506,157798
2008,1,14853,89422,234720,30181,106148,85583,252825,59952,173673
2008,2,15825,99801,239753,30951,113138,68223,365029,68021,193901
2008,3,17087,128883,334526,56756,178959,97187,391117,74710,254918
2008,4,25200,188063,525124,87099,263505,204291,657265,125217,385358
2008,5,44417,266497,725894,151602,455150,325845,922168,146252,426367
2008,6,82169,340014,909099,200822,656802,535841,911727,165441,511208
2008,7,107128,378324,982477,252240,701205,461209,854318,186566,583280
2008,8,115598,384103,985848,274802,753355,443144,679888,189083,430629
2008,9,104409,324156,825937,276211,582131,340319,508611,126754,308201
2008,10,95293,291065,709234,226540,416333,286082,430243,96157,254000
2008,11,73102,268665,588585,158135,296503,194433,296144,78846,218508
2008,12,60968,217654,460009,106578,202211,171280,235661,56485,150382
2008,13,39870,157214,309194,81591,136914,117677,135593,46149,116299
2008,14,29908,123925,202135,52883,97840,94162,115634,28060,83061
2008,15,20231,89373,131237,30994,73631,56687,65914,19844,44353
2008,16,13473,64526,87745,31319,51335,43097,50635,13700,47397
2008,17,9386,43137,58818,19106,36996,31030,25419,10345,47026
2008,18,5862,29622,40023,14301,27905,20668,17122,8714,31557
2008,19,2768,22628,24309,9586,21218,13974,16896,5130,21189
2008,20,1537,16891,17655,5188,18303,9895,10898,5305,18874
2008,21,831,12344,12361,4927,14433,8659,8929,2852,15780
2008,22,596,9158,11443,3648,13917,4802,9881,1551,12143
2008,23,583,5174,5574,2164,8490,1986,4733,1245,8279
2008,24,270,2942,2987,1241,7568,1094,5069,945,11258
2008,25,188,1871,2481,847,5742,955,3338,643,9268
2008,26,112,1115,1650,579,5031,823,2447,424,3675
2008,27,84,784,1496,454,4743,879,2072,156,3893
2008,28,51,556,1274,278,3695,952,1965,131,5714
2008,29,33,503,1487,223,2867,945,2414,75,3028
2008,30,18,436,1186,199,2587,1327,2057,50,3640
2008,31,8,454,1491,239,2720,1509,2240,36,4655
2008,32,3,516,1703,196,2369,1558,2877,49,1919
2008,33,2,510,1241,193,3062,2071,3049,100,1969
2008,34,2,524,1211,183,2836,1930,2712,164,2585
2008,35,2,679,1221,185,2757,2745,1722,255,1548
2008,36,3,783,1055,268,3433,1979,4104,418,3005
2008,37,5,786,1037,423,3151,1580,7066,513,3517
2008,38,10,1177,1153,409,4903,2055,9106,861,6579
2008,39,19,1308,1466,580,5572,1423,5779,902,11612
2008,40,46,1281,1882,342,6025,906,8550,1359,13767
2008,41,84,1465,2507,345,6555,851,8489,1621,16678
2008,42,95,1490,3309,560,6762,670,8357,2193,21114
2008,43,180,1750,4816,582,8429,731,12101,2122,21840
2008,44,313,2331,5531,602,10899,767,18293,2403,17697
2008,45,555,3530,8346,681,11416,1067,16402,3005,21345
2008,46,771,5069,11700,861,15379,1387,17896,3891,20223
2008,47,1090,7284,15041,1465,16947,1974,27556,4251,23440
2008,48,1662,12719,25866,2189,28059,2767,40411,7262,23660
2008,49,2650,18193,29268,2098,28591,5128,40903,7575,27054
2008,50,3676,24968,39832,3038,37801,7523,50781,9361,27418
2008,51,4883,38904,55487,6223,47504,8153,91479,13269,38653
2008,52,8645,55979,87654,9430,86030,22584,146345,22160,48962
2008,53,10042,72808,107258,9502,92404,22437,149323,28215,88982
2009,1,10489,77075,94096,10012,81001,25412,150619,24182,73718
2009,2,15634,95728,115828,13445,99115,35344,206885,33251,81344
2009,3,24048,127252,158567,21369,136879,57924,273246,40073,109411
2009,4,34898,172424,219827,31677,198084,75375,410511,47449,134519
2009,5,77298,199175,292043,46259,291459,113309,487516,61514,164158
2009,6,97762,268871,344072,56030,404259,124788,540570,68940,210228
2009,7,88367,296452,400808,58275,398382,110462,412813,80058,231120
2009,8,76263,276125,382689,87939,431292,113155,306261,80816,246594
2009,9,46463,256154,441468,90940,382735,148778,268531,76725,250886
2009,10,37849,229577,374981,70364,298544,127599,122775,72880,220352
2009,11,33164,227597,275233,64578,222053,91330,174778,69274,193830
2009,12,23063,203715,227556,51743,171441,71111,110778,57565,201027
2009,13,18155,174922,189293,38319,137016,55316,82167,60090,188178
2009,14,13612,164673,156521,24140,114839,50139,90040,53740,154020
2009,15,7960,140449,141247,22908,92393,68998,54355,44570,152667
2009,16,10450,124200,138411,22403,94724,46659,70527,52515,204598
2009,17,32167,406609,296437,27959,244927,59884,174729,138464,572821
2009,18,29658,334798,277906,25325,262401,56329,170472,100713,435725
2009,19,31953,511067,249216,28106,206088,53753,187021,80598,287537
2009,20,24445,1460910,275175,26080,206780,60559,160644,88065,326700
2009,21,35514,1811443,305372,31198,232410,58641,103728,91527,360610
2009,22,58551,1454843,307646,29273,226925,53785,83747,82735,371275
2009,23,54775,954625,303719,21412,276313,68271,124212,79349,353378
2009,24,49590,648409,269477,31616,350535,63865,85192,80606,439774
2009,25,29354,421451,194899,26682,369630,66494,85425,75440,418718
2009,26,29916,261477,144867,22781,377935,90007,98104,72198,496772
2009,27,19314,176645,121196,15536,281970,92338,156298,54152,489635
2009,28,12544,120536,105024,15677,284432,82002,100105,44899,517696
2009,29,9453,94384,89738,15644,267687,93327,99285,51161,355391
2009,30,7224,75172,82203,15180,252665,110214,160968,47677,325775
2009,31,5589,62735,87180,13890,243694,118039,73513,53391,286248
2009,32,3706,55113,79975,20560,253410,116500,94204,50478,261465
2009,33,5812,50280,82022,21031,335203,248420,258588,56154,250458
2009,34,6367,55262,103871,96912,469330,450535,448631,67033,346467
2009,35,8551,70781,207408,96974,741406,683324,810634,131105,400134
2009,36,11925,104370,295579,127015,781499,617195,701083,178769,458427
2009,37,22122,122224,328634,135839,757001,541666,908523,200422,443851
2009,38,33468,146834,355927,183637,799938,474835,813124,270781,446822
2009,39,37757,161999,442696,210366,856377,487762,863459,425155,687725
2009,40,45622,211137,652609,414173,948496,500831,941917,551631,683408
2009,41,78419,284965,1011914,611525,1103895,366240,937680,703488,879339
2009,42,164039,440027,1559212,610759,1453730,308786,748501,552109,784210
2009,43,279191,555541,1501582,412840,1393365,285795,530516,406726,815834
2009,44,398303,535584,1213507,333049,956518,226237,343856,285539,734480
2009,45,301993,450472,811707,191340,645381,170506,264916,175402,585166
2009,46,190087,345412,491626,101318,394700,148392,200781,119259,475983
2009,47,108773,307436,326913,69226,309338,118316,132824,99860,470407
2009,48,59842,207080,186336,45422,201489,95549,98034,55706,313577
2009,49,38310,164954,154718,31041,151913,85337,81940,40073,239029
2009,50,26092,139688,92773,19892,124433,84375,84184,25798,205118
2009,51,20638,123959,105254,17861,133122,93310,73319,25107,188841
2009,52,15738,104641,80721,14148,115708,83550,69085,22195,157838
2010,1,9814,62459,44768,10118,83565,70152,53242,11459,90951
2010,2,6515,51179,31133,6655,74114,66161,60304,8165,66383
2010,3,6196,45256,25377,8137,82743,75213,60327,8497,52778
2010,4,5425,35186,21944,7620,89023,73960,63080,7943,50056
2010,5,5630,32607,21205,11010,98407,84663,80470,6682,43267
2010,6,4994,28836,21996,11292,90705,86915,69753,5762,40915
2010,7,5482,22269,20833,11492,97316,84451,76687,5663,25021
2010,8,3661,17064,16564,11071,98473,84706,83134,5331,28803
2010,9,2699,12148,16007,12801,89729,85800,76021,4354,25626
2010,10,2465,10782,14074,9976,97960,83733,73483,3802,22818
2010,11,1865,9893,14746,10480,81975,59240,54215,3471,22515
2010,12,1676,7658,12594,7494,67564,43627,40588,3176,19065
2010,13,1693,6686,11242,5919,55947,33444,30834,3668,19318
2010,14,2082,4322,9175,4760,36665,25003,23435,2703,15663
2010,15,1391,3794,8168,3399,29306,17614,17649,2808,14344
2010,16,1182,3151,6318,3132,23742,13046,13710,2365,13273
2010,17,1035,2576,5628,2360,18762,9131,10370,2118,13004
2010,18,1453,2042,5083,1640,14310,5726,7291,1539,11016
2010,19,972,1759,3740,1677,9881,4508,5303,1504,10449
2010,20,986,1571,4231,1330,7370,2834,3196,1071,9797
2010,21,980,1427,3673,873,5524,1511,2421,771,9181
2010,22,965,1558,4145,745,4561,1078,1972,838,9590
2010,23,837,1533,3491,440,3115,561,1196,417,7759
2010,24,850,1768,4033,395,2936,390,826,365,7130
2010,25,940,2226,4333,450,2901,391,872,379,6799
2010,26,1035,2414,4362,604,3404,456,878,304,5948
2010,27,1591,2832,5827,654,4188,623,918,402,6643
2010,28,1442,2808,5499,621,4395,595,1067,392,6676
2010,29,2038,3161,4633,522,5535,729,1102,460,9397
2010,30,2171,3696,4707,850,6524,897,1075,483,11441
2010,31,2434,4512,6117,506,8735,1112,1274,689,11786
2010,32,2823,4593,6291,523,10256,1474,1064,640,13526
2010,33,2179,5127,7327,477,13150,1578,1998,933,14414
2010,34,1860,4620,5876,595,15551,2038,2102,992,11002
2010,35,1299,4583,6163,670,19769,2273,3771,1589,17022
2010,36,1518,6027,7341,685,23850,3102,5138,1977,17797
2010,37,1372,5833,7247,698,22820,2649,4923,2257,23053
2010,38,1250,7291,6911,898,29785,3955,6325,3684,27238
2010,39,912,7444,6142,1072,34693,4911,8263,4591,28139
2010,40,1182,8111,6949,1780,41233,8062,14621,5348,23308
2010,41,1728,11538,8712,2147,53701,12038,17463,7105,29279
2010,42,2058,13220,11485,2729,63115,14343,22607,9676,30680
2010,43,2692,17152,14161,3014,80059,19215,27283,15055,31163
2010,44,3860,24804,21176,3997,101448,31036,39141,20436,43274
2010,45,4954,36746,27170,7481,131643,44326,48868,20833,52113
2010,46,8193,50964,37034,9311,171444,61203,63471,37025,62946
2010,47,13185,79771,56747,12341,221599,92414,88781,51623,80234
2010,48,15238,110234,62978,18939,190189,100397,103506,60770,83508
2010,49,20546,146327,88555,22314,238563,141571,121782,83034,116846
2010,50,26632,210731,119787,34437,326748,289371,175721,100007,166900
2010,51,40478,328978,214342,49812,448157,410647,269294,134717,240910
2010,52,55543,388590,305099,72036,448907,369892,333916,141906,292129
2011,1,49601,326248,277582,67211,397667,317861,309526,119788,249634
2011,2,66223,353542,346171,74586,435895,317017,430414,143277,301857
2011,3,71924,352963,499874,103724,562783,383516,579758,181970,358874
2011,4,91716,377676,673178,166677,680615,417353,656705,198391,448393
2011,5,120823,384137,749985,209808,764757,421947,783897,219288,470572
2011,6,130773,375613,635018,200018,726866,384300,751474,218938,533827
2011,7,149222,371064,602809,248465,665406,336116,715816,223228,594917
2011,8,148283,353507,540831,246553,528194,244876,497755,191928,577889
2011,9,105885,265411,457065,206443,357529,166817,326319,155721,551816
2011,10,94836,217973,359576,176930,269686,118050,212422,120529,480505
2011,11,69976,183888,309467,114442,191651,78495,146801,88664,411338
2011,12,49227,147671,200011,84880,130951,48924,113331,64360,278435
2011,13,44202,127641,160282,59875,99472,41091,58718,44475,218618
2011,14,32951,107317,115075,39901,68526,29823,43352,32127,151066
2011,15,25238,74846,66927,25838,49087,21266,25109,21661,116182
2011,16,18579,57482,55839,17378,36818,14249,18325,17815,82460
2011,17,12781,36326,38336,11217,24870,9409,12566,10430,62967
2011,18,8924,25758,28110,6015,19027,7110,9292,7683,43211
2011,19,5684,19753,23502,4692,14795,4387,6480,5124,31000
2011,20,4062,13239,14560,3714,12309,2626,4125,2665,23995
2011,21,3300,10676,9314,2451,9123,1682,2734,1574,17431
2011,22,2227,6923,8900,1119,8078,1337,2223,1130,15654
2011,23,1337,4871,4235,711,6611,628,1397,669,10889
2011,24,820,3404,2527,386,5856,336,1369,389,7548
2011,25,454,2441,1704,415,5174,160,1058,227,6295
2011,26,249,2004,1651,141,5525,79,1230,143,5560
2011,27,161,1846,1571,218,6229,46,995,125,5522
2011,28,82,1538,809,112,5748,17,1113,93,5354
2011,29,50,1394,1111,137,5884,9,1068,117,4856
2011,30,34,1483,1252,120,6861,3,1263,124,4963
2011,31,35,1489,1699,136,6973,1,1281,173,2126
2011,32,55,1573,1556,119,7589,1,1346,182,5292
2011,33,92,1511,1864,117,9156,1,1524,254,4844
2011,34,139,1526,2184,191,10743,3,1694,318,5748
2011,35,224,1423,2517,268,10590,8,2083,479,6699
2011,36,303,1439,2947,471,11928,21,2403,458,7467
2011,37,407,1554,2628,733,13311,43,2290,488,8953
2011,38,505,1510,3359,616,13823,82,2182,589,9446
2011,39,739,1780,3284,824,15309,191,2174,743,10192
2011,40,725,2202,3884,1037,13973,305,3021,1074,8844
2011,41,1118,2361,3851,1162,14515,507,3029,1245,9432
2011,42,942,2214,4145,1219,14231,768,3692,1746,12110
2011,43,1027,2191,4623,1536,15181,1320,4021,2606,12713
2011,44,1013,2554,5967,2129,17598,1813,4512,4186,15238
2011,45,975,2622,7409,2279,19189,2648,5514,4889,14882
2011,46,784,2872,9831,2445,19707,3314,6788,7172,19108
2011,47,1096,4002,16141,3979,23355,4133,7935,9851,21164
2011,48,1039,4709,18241,4582,21549,4859,9366,10660,16742
2011,49,1161,6002,23262,5540,23048,7515,10537,12366,28027
2011,50,1629,7961,37099,10655,26991,9206,14858,14241,38984
2011,51,2312,11825,52177,12859,34002,12283,18619,19445,52126
2011,52,3331,16753,86462,21784,41718,19685,24395,27211,72088
2012,1,3309,19723,88773,19921,36835,16978,28790,27936,77969
2012,2,3925,21430,96809,25339,33665,22822,34715,29824,77232
2012,3,4777,29863,125893,34307,46048,29014,46317,33535,99689
2012,4,5769,36547,153431,45823,51952,37926,57979,45258,132391
2012,5,6819,46744,219003,74728,67761,49833,72427,62081,170234
2012,6,8622,57567,226717,97729,78554,60921,97793,71438,170172
2012,7,10602,71747,302323,126393,99588,72060,124555,85925,207079
2012,8,14797,94876,373226,139090,103071,73367,144255,99901,264483
2012,9,14661,100116,395428,166676,121483,81173,159974,108384,256038
2012,10,15480,110929,474331,160387,137724,91805,164186,116264,225955
2012,11,21142,134238,540578,148528,138154,100148,193967,131048,284183
2012,12,25084,134373,389065,95653,133844,70910,136696,112464,305226
2012,13,19749,135124,259671,66065,124080,54844,116483,101416,406760
2012,14,25864,144809,244861,51821,120116,54042,95152,87762,332766
2012,15,27322,136208,196925,38807,107965,39384,69411,71965,332704
2012,16,26102,121861,156263,31731,101483,36535,63701,56446,250864
2012,17,18509,103416,131280,24026,93971,31846,51336,47305,246393
2012,18,14241,105572,120329,20599,93966,34681,43539,42153,247085
2012,19,14809,102210,88271,15858,88028,26029,36240,34111,217603
2012,20,10641,85274,73353,11421,85635,26639,30441,27712,186351
2012,21,9160,70078,60750,6431,101031,17838,25183,24230,174534
2012,22,7484,56087,59687,4137,103959,14775,21349,24939,160482
2012,23,4734,44180,45578,2061,93796,13916,14727,15350,118757
2012,24,3559,34312,32309,1250,90556,7026,11622,13393,98621
2012,25,2707,29095,32758,562,78011,3589,10341,10459,92825
2012,26,2091,22300,31949,821,65731,5218,11362,7654,78208
2012,27,1530,16467,39541,864,61601,4106,7885,5734,79372
2012,28,1066,13642,38366,575,47508,3002,6063,4253,64014
2012,29,752,11414,40794,443,43320,2594,5109,3836,64067
2012,30,532,10395,47995,627,38383,3755,4437,3159,68266
2012,31,446,9821,61042,927,33283,4327,4767,2793,71889
2012,32,424,9237,48379,817,31024,3839,4837,2711,67721
2012,33,371,10042,45496,622,31222,4031,4759,2516,49708
2012,34,306,12005,46805,1843,31757,4511,6304,2494,66617
2012,35,331,10079,44406,1922,33563,5090,7370,3120,61909
2012,36,440,10911,40874,3017,30602,7914,9224,3951,64565
2012,37,526,12983,36558,4580,36803,6086,12896,4748,55491
2012,38,656,15437,32236,5051,41677,7940,15963,4787,55911
2012,39,933,16954,30721,7785,47375,11027,20109,6772,54551
2012,40,1467,19832,35335,13195,48466,13229,27938,7054,49346
2012,41,2264,26021,42441,16264,61146,20801,39801,9178,55660
2012,42,4286,34958,55916,24344,68630,27577,42540,12366,60796
2012,43,4848,44286,69130,26138,83771,34766,69115,15868,68590
2012,44,7465,59371,101124,40230,114288,46404,89113,22771,79911
2012,45,9733,67655,138679,46113,145502,70071,131635,30130,93834
2012,46,14573,88835,175635,62259,191427,106501,159977,42639,107829
2012,47,23325,140270,260805,84415,268691,200837,266364,63557,136943
2012,48,30366,178143,298001,90740,315454,187539,260659,69284,138503
2012,49,51191,250674,460815,109542,520649,314159,359509,90492,157519
2012,50,82938,339957,666548,144635,683325,343928,483014,132179,199318
2012,51,135808,459627,923449,245429,859200,397143,658296,192542,255980
2012,52,211450,619228,1200190,405372,1163029,443590,830881,288254,423098
2013,1,159780,562451,914227,358347,972943,310760,704665,263738,353081
2013,2,154712,619744,759252,319002,886923,236448,662311,253401,379745
2013,3,135241,671029,702991,300907,772680,197431,632163,277258,505156
2013,4,110116,533114,594011,280589,458965,162524,578973,290094,633986
2013,5,90304,406625,508863,248354,465678,143686,445570,219531,596552
2013,6,71047,348872,425476,200116,373366,120203,335052,185928,537053
2013,7,54571,294842,364359,149430,335287,109989,255598,149450,460465
2013,8,45387,291934,316195,106037,324414,89055,203957,118204,372015
2013,9,37901,237081,294990,82347,299793,85797,172149,89410,318228
2013,10,34598,229618,255507,67507,317422,84955,154267,63778,312104
2013,11,31427,201194,260372,56715,271703,75094,133554,54965,262851
2013,12,27812,171409,212034,40672,218351,57510,93794,35530,223680
2013,13,28270,137313,177316,32383,198803,41676,75435,26940,202065
2013,14,26969,108736,148445,21530,152109,33761,60826,21677,162492
2013,15,25659,79678,110702,17688,112716,23216,43136,15750,131391
2013,16,18816,66782,89368,14662,76672,15167,31371,11862,115996
2013,17,12352,53538,70498,11316,60502,11089,24450,9731,107840
2013,18,10389,44751,53280,8555,47757,11223,18146,8150,101832
2013,19,7730,36404,46281,5174,42416,9985,15573,5967,93429
2013,20,5260,30176,39179,3116,36792,8677,12273,4494,92069
2013,21,3867,25614,28450,2864,35757,7292,8992,3644,76022
2013,22,2987,24202,27899,1967,31043,6258,7508,2857,67894
2013,23,1951,19783,22305,863,26815,3874,5657,2119,63765
2013,24,1733,20306,19318,653,26641,4082,5048,1659,60338
2013,25,1186,18519,16931,415,24174,3160,6266,1395,53203
2013,26,1078,16397,14586,427,22853,2434,5922,1105,42730
2013,27,1045,16469,15023,525,25536,1656,7082,996,37894
2013,28,910,14449,13194,243,19777,1130,7391,893,30040
2013,29,924,12414,11138,328,20796,1031,8054,926,27173
2013,30,798,11281,10498,390,23727,944,8353,1091,24098
2013,31,811,10953,10065,299,23482,962,11241,980,19490
2013,32,898,10184,8769,554,22655,1080,9266,1135,17967
2013,33,726,8829,10426,574,27321,1483,10614,1047,14918
2013,34,673,9537,8831,538,29214,2674,11237,988,12426
2013,35,564,9304,9377,393,34389,3847,13559,1617,14611
2013,36,448,9593,10712,693,40573,5052,16558,1780,14525
2013,37,501,10413,11690,921,46889,6604,17206,1622,14697
2013,38,592,14465,13290,936,51600,7125,18508,2210,14711
2013,39,823,15859,14498,666,55117,10722,21722,3796,17144
2013,40,964,15363,16836,844,53223,11029,20420,5197,15220
2013,41,1260,14284,22249,1493,58446,13824,27200,8107,19397
2013,42,1898,15353,28456,1674,63428,19124,37159,10621,22621
2013,43,2426,18306,39139,3008,74064,28129,48422,14982,28154
2013,44,3540,22341,52715,4570,82472,33455,65410,20724,38507
2013,45,5263,27881,69642,6234,95623,43513,95773,27889,54779
2013,46,7391,35728,86982,7504,108795,52811,132283,34251,69385
2013,47,8874,48433,110635,11211,131687,62785,174430,54047,82843
2013,48,15257,75109,173086,16693,183489,77001,251208,67543,124276
2013,49,17061,92673,191990,21918,196770,111910,320747,82305,140068
2013,50,26247,114572,238163,29995,223298,117748,412454,98542,197712
2013,51,34404,158599,307428,57865,310156,143503,564749,141732,269623
2013,52,59870,232124,523416,105883,449434,196170,771152,228930,499046
2014,1,66451,267454,525103,101457,453953,178508,679167,211723,528910
2014,2,57906,236451,422306,84313,410423,144222,542004,176017,486810
2014,3,73568,268927,356272,85355,443127,114340,423962,156978,470706
2014,4,80032,272452,344399,78189,437183,102583,349701,133606,495228
2014,5,76731,255801,275599,65789,366280,70097,298025,109472,396942
2014,6,85960,251788,231003,45416,297282,56409,233101,85049,334251
2014,7,66729,222281,199371,33784,277879,42815,180517,66580,273381
2014,8,58879,195724,182893,29575,210601,28931,160049,50872,242903
2014,9,48221,173885,156851,19904,177295,23095,146238,40218,187217
2014,10,47680,197216,130874,17650,158101,22081,133291,34157,151567
2014,11,44855,221579,120766,15184,124309,12164,108745,28631,116599
2014,12,49910,273699,102732,12153,119585,11669,103478,26479,108910
2014,13,46772,293245,99659,9120,110767,10220,95238,24027,85037
2014,14,56021,280372,91708,9922,109956,8737,87440,25663,78705
2014,15,61998,248042,86188,7846,104288,6872,83929,26681,70049
2014,16,49494,181609,75829,6883,85366,6515,72888,27796,72599
2014,17,40792,132447,72945,7665,82067,5137,62469,28071,73246
2014,18,26843,101103,64116,6505,78566,4353,48941,27654,68980
2014,19,23041,91901,66246,6514,74908,3625,45110,30582,78150
2014,20,16529,74631,51138,5090,67520,2765,43157,30680,85999
2014,21,9966,61334,45721,4501,71640,3114,38125,28196,107106
2014,22,7411,50910,34154,2950,61671,2441,33651,24617,100463
2014,23,6135,42181,27150,2053,56054,1905,25946,16073,103046
2014,24,3712,32292,21263,1535,47949,1567,20203,14030,102781
2014,25,2554,32163,16859,1360,51346,954,14822,8974,99473
2014,26,1963,26633,11935,966,41774,832,13580,7602,96216
2014,27,1590,22420,9401,688,40512,775,9924,6835,94417
2014,28,786,20261,7817,608,31317,535,7798,4178,76632
2014,29,675,18766,7011,478,27606,521,5984,3592,72658
2014,30,615,16481,7149,424,23902,490,4437,2855,61494
2014,31,539,17424,7472,415,21499,378,4667,1718,58605
2014,32,547,15176,8630,378,19172,493,4075,1402,45652
2014,33,651,14435,8469,772,19037,634,4682,1257,44677
2014,34,627,13439,9519,370,18516,784,5822,1090,46807
2014,35,615,13856,8857,454,19955,848,8120,1355,52673
2014,36,792,13763,11491,1262,23497,1070,11945,1299,60735
2014,37,793,14813,16937,865,30711,1279,16274,2022,70865
2014,38,981,18399,18531,1238,34604,1759,22394,2653,48454
2014,39,1131,18134,18045,1080,40178,3417,27824,3529,44372
2014,40,1239,18430,18565,2179,44803,3239,36658,4559,66921
2014,41,1541,19171,23476,3338,60586,4803,51678,5972,77425
2014,42,1832,24419,32188,4655,67466,5273,75503,8800,71675
2014,43,1733,27307,42922,6289,76348,7663,91460,11619,74992
2014,44,2625,29585,56117,6849,89664,8580,113847,14855,80913
2014,45,3235,36991,78416,9275,103084,14230,149016,22239,97895
2014,46,4002,39432,100716,12098,119901,19172,171374,28176,93622
2014,47,4595,50216,139355,17936,160161,29322,288269,35491,117608
2014,48,6524,65978,233685,28535,221418,41104,408331,56847,127632
2014,49,7307,68633,310731,32192,235426,52135,419642,64555,125108
2014,50,8707,85318,471942,79313,324489,91652,571071,92822,138376
